{
  "run_id": "20251208_225650_NewAgent_fft_convolution",
  "agent": "NewAgent",
  "task": "fft_convolution",
  "timestamp": "20251208_225650",
  "num_steps": 42,
  "evaluation": {
    "pass_rate": 100.0,
    "num_correct": 3,
    "num_total": 3,
    "median_speedup": null,
    "results": [
      {
        "n": 50,
        "seed": 42,
        "reference_time_ms": 0.36662514321506023,
        "agent_time_ms": 0.0994168221950531,
        "speedup": 3.6877576160677483,
        "correct": true,
        "validation_error": null
      },
      {
        "n": 100,
        "seed": 43,
        "reference_time_ms": 0.08604186587035656,
        "agent_time_ms": 0.07199984975159168,
        "speedup": 1.1950284086315675,
        "correct": true,
        "validation_error": null
      },
      {
        "n": 150,
        "seed": 44,
        "reference_time_ms": 0.08854200132191181,
        "agent_time_ms": 0.10900013148784637,
        "speedup": 0.812310958833883,
        "correct": true,
        "validation_error": null
      }
    ]
  }
}