{
  "run_id": "20251208_230134_NewAgent_water_filling",
  "agent": "NewAgent",
  "task": "water_filling",
  "timestamp": "20251208_230134",
  "num_steps": 33,
  "evaluation": {
    "pass_rate": 100.0,
    "num_correct": 3,
    "num_total": 3,
    "median_speedup": null,
    "results": [
      {
        "n": 50,
        "seed": 42,
        "reference_time_ms": 4.639333812519908,
        "agent_time_ms": 3.3479579724371433,
        "speedup": 1.385720445332445,
        "correct": true,
        "validation_error": null
      },
      {
        "n": 100,
        "seed": 43,
        "reference_time_ms": 4.661916056647897,
        "agent_time_ms": 4.131709225475788,
        "speedup": 1.1283262694051401,
        "correct": true,
        "validation_error": null
      },
      {
        "n": 150,
        "seed": 44,
        "reference_time_ms": 4.900333005934954,
        "agent_time_ms": 5.628333892673254,
        "speedup": 0.8706542823115054,
        "correct": true,
        "validation_error": null
      }
    ]
  }
}