{
  "run_id": "20251209_041353_RefinedMultiAgent_toeplitz_solver",
  "agent": "RefinedMultiAgent",
  "task": "toeplitz_solver",
  "timestamp": "20251209_041353",
  "num_steps": 103,
  "evaluation": {
    "pass_rate": 100.0,
    "num_correct": 3,
    "num_total": 3,
    "median_speedup": null,
    "results": [
      {
        "n": 50,
        "seed": 42,
        "reference_time_ms": 0.08637504652142525,
        "agent_time_ms": 0.03954116255044937,
        "speedup": 2.184433662293615,
        "correct": true,
        "validation_error": null
      },
      {
        "n": 100,
        "seed": 43,
        "reference_time_ms": 0.06662518717348576,
        "agent_time_ms": 0.06375019438564777,
        "speedup": 1.045097788572159,
        "correct": true,
        "validation_error": null
      },
      {
        "n": 150,
        "seed": 44,
        "reference_time_ms": 0.10287505574524403,
        "agent_time_ms": 0.09862496517598629,
        "speedup": 1.043093455715537,
        "correct": true,
        "validation_error": null
      }
    ]
  }
}