{
  "run_id": "20251208_222704_NewAgent_cholesky_factorization",
  "agent": "NewAgent",
  "task": "cholesky_factorization",
  "timestamp": "20251208_222704",
  "num_steps": 49,
  "evaluation": {
    "pass_rate": 100.0,
    "num_correct": 3,
    "num_total": 3,
    "median_speedup": null,
    "results": [
      {
        "n": 50,
        "seed": 42,
        "reference_time_ms": 0.03379187546670437,
        "agent_time_ms": 0.06474996916949749,
        "speedup": 0.5218824950826864,
        "correct": true,
        "validation_error": null
      },
      {
        "n": 100,
        "seed": 43,
        "reference_time_ms": 0.040207989513874054,
        "agent_time_ms": 0.49845920875668526,
        "speedup": 0.08066455350311509,
        "correct": true,
        "validation_error": null
      },
      {
        "n": 150,
        "seed": 44,
        "reference_time_ms": 0.06620818749070168,
        "agent_time_ms": 0.40374998934566975,
        "speedup": 0.16398313123921265,
        "correct": true,
        "validation_error": null
      }
    ]
  }
}