{
  "run_id": "20251208_230523_NewAgent_aes_gcm_encryption",
  "agent": "NewAgent",
  "task": "aes_gcm_encryption",
  "timestamp": "20251208_230523",
  "num_steps": 41,
  "evaluation": {
    "pass_rate": 100.0,
    "num_correct": 3,
    "num_total": 3,
    "median_speedup": null,
    "results": [
      {
        "n": 50,
        "seed": 42,
        "reference_time_ms": 0.071709044277668,
        "agent_time_ms": 0.046084169298410416,
        "speedup": 1.5560450664376295,
        "correct": true,
        "validation_error": null
      },
      {
        "n": 100,
        "seed": 43,
        "reference_time_ms": 0.1345828641206026,
        "agent_time_ms": 0.11024996638298035,
        "speedup": 1.2207066227403278,
        "correct": true,
        "validation_error": null
      },
      {
        "n": 150,
        "seed": 44,
        "reference_time_ms": 0.11487514711916447,
        "agent_time_ms": 0.12841704301536083,
        "speedup": 0.8945475181625501,
        "correct": true,
        "validation_error": null
      }
    ]
  }
}