{
  "run_id": "20251209_035259_RefinedMultiAgent_toeplitz_solver",
  "agent": "RefinedMultiAgent",
  "task": "toeplitz_solver",
  "timestamp": "20251209_035259",
  "num_steps": 129,
  "evaluation": {
    "pass_rate": 100.0,
    "num_correct": 3,
    "num_total": 3,
    "median_speedup": null,
    "results": [
      {
        "n": 50,
        "seed": 42,
        "reference_time_ms": 0.09849993512034416,
        "agent_time_ms": 0.1139170490205288,
        "speedup": 0.8646636826292231,
        "correct": true,
        "validation_error": null
      },
      {
        "n": 100,
        "seed": 43,
        "reference_time_ms": 0.06516696885228157,
        "agent_time_ms": 0.1252500806003809,
        "speedup": 0.5202948256792052,
        "correct": true,
        "validation_error": null
      },
      {
        "n": 150,
        "seed": 44,
        "reference_time_ms": 0.10166713036596775,
        "agent_time_ms": 0.1663749571889639,
        "speedup": 0.6110723157121366,
        "correct": true,
        "validation_error": null
      }
    ]
  }
}