{
  "run_id": "20251208_225935_NewAgent_lp_box",
  "agent": "NewAgent",
  "task": "lp_box",
  "timestamp": "20251208_225935",
  "num_steps": 24,
  "evaluation": {
    "pass_rate": 100.0,
    "num_correct": 3,
    "num_total": 3,
    "median_speedup": null,
    "results": [
      {
        "n": 50,
        "seed": 42,
        "reference_time_ms": 3.929500002413988,
        "agent_time_ms": 3.307624952867627,
        "speedup": 1.1880125644254833,
        "correct": true,
        "validation_error": null
      },
      {
        "n": 100,
        "seed": 43,
        "reference_time_ms": 7.836290867999196,
        "agent_time_ms": 7.011207984760404,
        "speedup": 1.1176805601876592,
        "correct": true,
        "validation_error": null
      },
      {
        "n": 150,
        "seed": 44,
        "reference_time_ms": 19.889415940269828,
        "agent_time_ms": 20.151417003944516,
        "speedup": 0.9869983801326029,
        "correct": true,
        "validation_error": null
      }
    ]
  }
}