{
  "run_id": "20251209_035716_RefinedMultiAgent_shortest_path_dijkstra",
  "agent": "RefinedMultiAgent",
  "task": "shortest_path_dijkstra",
  "timestamp": "20251209_035716",
  "num_steps": 86,
  "evaluation": {
    "pass_rate": 100.0,
    "num_correct": 3,
    "num_total": 3,
    "median_speedup": null,
    "results": [
      {
        "n": 50,
        "seed": 42,
        "reference_time_ms": 2.3529171012341976,
        "agent_time_ms": 1.6585409175604582,
        "speedup": 1.4186668995149634,
        "correct": true,
        "validation_error": null
      },
      {
        "n": 100,
        "seed": 43,
        "reference_time_ms": 8.082333020865917,
        "agent_time_ms": 13.473083963617682,
        "speedup": 0.5998873786203077,
        "correct": true,
        "validation_error": null
      },
      {
        "n": 150,
        "seed": 44,
        "reference_time_ms": 19.556916784495115,
        "agent_time_ms": 37.792625138536096,
        "speedup": 0.5174797123196787,
        "correct": true,
        "validation_error": null
      }
    ]
  }
}