{
  "run_id": "20251209_040824_RefinedMultiAgent_cholesky_factorization",
  "agent": "RefinedMultiAgent",
  "task": "cholesky_factorization",
  "timestamp": "20251209_040824",
  "num_steps": 94,
  "evaluation": {
    "pass_rate": 100.0,
    "num_correct": 3,
    "num_total": 3,
    "median_speedup": null,
    "results": [
      {
        "n": 50,
        "seed": 42,
        "reference_time_ms": 0.08233403787016869,
        "agent_time_ms": 0.09983312338590622,
        "speedup": 0.8247166379028873,
        "correct": true,
        "validation_error": null
      },
      {
        "n": 100,
        "seed": 43,
        "reference_time_ms": 0.04375004209578037,
        "agent_time_ms": 0.24587498046457767,
        "speedup": 0.177936128406051,
        "correct": true,
        "validation_error": null
      },
      {
        "n": 150,
        "seed": 44,
        "reference_time_ms": 0.07483386434614658,
        "agent_time_ms": 0.5502910353243351,
        "speedup": 0.13598961193696418,
        "correct": true,
        "validation_error": null
      }
    ]
  }
}