{
  "run_id": "20251208_230442_NewAgent_sha256_hashing",
  "agent": "NewAgent",
  "task": "sha256_hashing",
  "timestamp": "20251208_230442",
  "num_steps": 24,
  "evaluation": {
    "pass_rate": 100.0,
    "num_correct": 3,
    "num_total": 3,
    "median_speedup": null,
    "results": [
      {
        "n": 50,
        "seed": 42,
        "reference_time_ms": 0.077791977673769,
        "agent_time_ms": 0.062167178839445114,
        "speedup": 1.2513351759885545,
        "correct": true,
        "validation_error": null
      },
      {
        "n": 100,
        "seed": 43,
        "reference_time_ms": 0.11720787733793259,
        "agent_time_ms": 0.124374870210886,
        "speedup": 0.942375876567338,
        "correct": true,
        "validation_error": null
      },
      {
        "n": 150,
        "seed": 44,
        "reference_time_ms": 0.14154217205941677,
        "agent_time_ms": 0.14129187911748886,
        "speedup": 1.0017714602105319,
        "correct": true,
        "validation_error": null
      }
    ]
  }
}