{
  "run_id": "20251208_230359_NewAgent_lp_centering",
  "agent": "NewAgent",
  "task": "lp_centering",
  "timestamp": "20251208_230359",
  "num_steps": 24,
  "evaluation": {
    "pass_rate": 100.0,
    "num_correct": 3,
    "num_total": 3,
    "median_speedup": null,
    "results": [
      {
        "n": 50,
        "seed": 42,
        "reference_time_ms": 5.413874983787537,
        "agent_time_ms": 4.353165859356523,
        "speedup": 1.2436638434419327,
        "correct": true,
        "validation_error": null
      },
      {
        "n": 100,
        "seed": 43,
        "reference_time_ms": 9.298000019043684,
        "agent_time_ms": 8.264792151749134,
        "speedup": 1.1250131701226007,
        "correct": true,
        "validation_error": null
      },
      {
        "n": 150,
        "seed": 44,
        "reference_time_ms": 17.204332863911986,
        "agent_time_ms": 17.36237481236458,
        "speedup": 0.9908974463366588,
        "correct": true,
        "validation_error": null
      }
    ]
  }
}