{
  "run_id": "20251208_224104_NewAgent_convolve_1d",
  "agent": "NewAgent",
  "task": "convolve_1d",
  "timestamp": "20251208_224104",
  "num_steps": 72,
  "evaluation": {
    "pass_rate": 100.0,
    "num_correct": 3,
    "num_total": 3,
    "median_speedup": null,
    "results": [
      {
        "n": 50,
        "seed": 42,
        "reference_time_ms": 0.21920818835496902,
        "agent_time_ms": 0.17974991351366043,
        "speedup": 1.219517629076967,
        "correct": true,
        "validation_error": null
      },
      {
        "n": 100,
        "seed": 43,
        "reference_time_ms": 0.7714589592069387,
        "agent_time_ms": 0.6834580563008785,
        "speedup": 1.1287583079821355,
        "correct": true,
        "validation_error": null
      },
      {
        "n": 150,
        "seed": 44,
        "reference_time_ms": 2.105457941070199,
        "agent_time_ms": 1.7311668489128351,
        "speedup": 1.2162074050761873,
        "correct": true,
        "validation_error": null
      }
    ]
  }
}