{
  "run_id": "20251209_031652_RefinedMultiAgent_qr_factorization",
  "agent": "RefinedMultiAgent",
  "task": "qr_factorization",
  "timestamp": "20251209_031652",
  "num_steps": 82,
  "evaluation": {
    "pass_rate": 100.0,
    "num_correct": 3,
    "num_total": 3,
    "median_speedup": null,
    "results": [
      {
        "n": 50,
        "seed": 42,
        "reference_time_ms": 0.3105420619249344,
        "agent_time_ms": 0.18454203382134438,
        "speedup": 1.6827714287877145,
        "correct": true,
        "validation_error": null
      },
      {
        "n": 100,
        "seed": 43,
        "reference_time_ms": 0.7020409684628248,
        "agent_time_ms": 7.236832985654473,
        "speedup": 0.09700941970810657,
        "correct": true,
        "validation_error": null
      },
      {
        "n": 150,
        "seed": 44,
        "reference_time_ms": 2.385874977335334,
        "agent_time_ms": 22.665458032861352,
        "speedup": 0.10526480311477447,
        "correct": true,
        "validation_error": null
      }
    ]
  }
}