{
  "run_id": "20251209_031151_RefinedMultiAgent_pagerank",
  "agent": "RefinedMultiAgent",
  "task": "pagerank",
  "timestamp": "20251209_031151",
  "num_steps": 148,
  "evaluation": {
    "pass_rate": 0.0,
    "num_correct": 0,
    "num_total": 3,
    "median_speedup": null,
    "results": [
      {
        "n": 50,
        "seed": 42,
        "reference_time_ms": 1.199207967147231,
        "agent_time_ms": 1.3997089117765427,
        "speedup": 0.8567552560804723,
        "correct": false,
        "validation_error": null
      },
      {
        "n": 100,
        "seed": 43,
        "reference_time_ms": 1.3063750229775906,
        "agent_time_ms": 0.5308331456035376,
        "speedup": 2.460989924606706,
        "correct": false,
        "validation_error": null
      },
      {
        "n": 150,
        "seed": 44,
        "reference_time_ms": 1.9916670862585306,
        "agent_time_ms": 0.7245000451803207,
        "speedup": 2.749022721955559,
        "correct": false,
        "validation_error": null
      }
    ]
  }
}