{
  "run_id": "20251208_230336_NewAgent_psd_cone_projection",
  "agent": "NewAgent",
  "task": "psd_cone_projection",
  "timestamp": "20251208_230336",
  "num_steps": 27,
  "evaluation": {
    "pass_rate": 100.0,
    "num_correct": 3,
    "num_total": 3,
    "median_speedup": null,
    "results": [
      {
        "n": 50,
        "seed": 42,
        "reference_time_ms": 1.500499900430441,
        "agent_time_ms": 0.2846659626811743,
        "speedup": 5.271089969091246,
        "correct": true,
        "validation_error": null
      },
      {
        "n": 100,
        "seed": 43,
        "reference_time_ms": 5.9839170426130295,
        "agent_time_ms": 0.8030410390347242,
        "speedup": 7.451570656719923,
        "correct": true,
        "validation_error": null
      },
      {
        "n": 150,
        "seed": 44,
        "reference_time_ms": 11.250915937125683,
        "agent_time_ms": 2.0229590591043234,
        "speedup": 5.561613264732649,
        "correct": true,
        "validation_error": null
      }
    ]
  }
}