{
  "run_id": "20251208_223130_NewAgent_affine_transform_2d",
  "agent": "NewAgent",
  "task": "affine_transform_2d",
  "timestamp": "20251208_223130",
  "num_steps": 74,
  "evaluation": {
    "pass_rate": 100.0,
    "num_correct": 3,
    "num_total": 3,
    "median_speedup": null,
    "results": [
      {
        "n": 50,
        "seed": 42,
        "reference_time_ms": 0.43983408249914646,
        "agent_time_ms": 0.47695799730718136,
        "speedup": 0.9221652325411676,
        "correct": true,
        "validation_error": null
      },
      {
        "n": 100,
        "seed": 43,
        "reference_time_ms": 1.5403751749545336,
        "agent_time_ms": 1.6452500130981207,
        "speedup": 0.9362559870483754,
        "correct": true,
        "validation_error": null
      },
      {
        "n": 150,
        "seed": 44,
        "reference_time_ms": 2.5659999810159206,
        "agent_time_ms": 3.0563750769943,
        "speedup": 0.8395566369882116,
        "correct": true,
        "validation_error": null
      }
    ]
  }
}